Workbook
Name QPResultsSummary: AIFields!$A$1:$K$22
Name QResultsSummary: #REF!
Name QSmplcropSummary: #REF!

Sheet Analysis
A1: Project Area AI SOC | E1: MAPE | F1: =AIFields!K2 -> 6.6177951
A2: Field | B2: Crop Type | C2: Area | D2: Gross Mean | E2: Gross Total | F2: Stone Content
C3: [ha] | D3: [t/ha] | E3: [t] | F3: [%]
A4: =AIFields!C2 -> Back | B4: =AIFields!D2 -> AB15 | C4: =AIFields!F2 -> 17.43 | D4: =AIFields!G2 -> 44.507479 | E4: =AIFields!I2 -> 775.76536 | F4: 0
A5: =AIFields!C3 -> Bells | B5: =AIFields!D3 -> AB15 | C5: =AIFields!F3 -> 26.32 | D5: =AIFields!G3 -> 47.776714 | E5: =AIFields!I3 -> 1257.4831 | F5: 0
A6: =AIFields!C4 -> Corner Field | B6: =AIFields!D4 -> AB15 | C6: =AIFields!F4 -> 23.76 | D6: =AIFields!G4 -> 44.54585 | E6: =AIFields!I4 -> 1058.4094 | F6: 0
A7: =AIFields!C5 -> Cottage Field | B7: =AIFields!D5 -> AB9 | C7: =AIFields!F5 -> 4.95 | D7: =AIFields!G5 -> 53.743619 | E7: =AIFields!I5 -> 266.03092 | F7: 0
A8: =AIFields!C6 -> Lambing Field | B8: =AIFields!D6 -> AB15 | C8: =AIFields!F6 -> 19.66 | D8: =AIFields!G6 -> 44.205033 | E8: =AIFields!I6 -> 869.07095 | F8: 0
A9: =AIFields!C7 -> Long Field | B9: =AIFields!D7 -> AB15 | C9: =AIFields!F7 -> 26.91 | D9: =AIFields!G7 -> 43.822143 | E9: =AIFields!I7 -> 1179.2539 | F9: 0
A10: =AIFields!C8 -> Mid | B10: =AIFields!D8 -> AB15 | C10: =AIFields!F8 -> 24.55 | D10: =AIFields!G8 -> 47.456847 | E10: =AIFields!I8 -> 1165.0656 | F10: 0
A11: =AIFields!C9 -> Paddock Field | B11: =AIFields!D9 -> AB8 | C11: =AIFields!F9 -> 1.76 | D11: =AIFields!G9 -> 47.481316 | E11: =AIFields!I9 -> 83.567117 | F11: 0
A12: =AIFields!C10 -> Park 1 | B12: =AIFields!D10 -> AB9 | C12: =AIFields!F10 -> 4.51 | D12: =AIFields!G10 -> 50.269479 | E12: =AIFields!I10 -> 226.71535 | F12: 0
A13: =AIFields!C11 -> Park 2 | B13: =AIFields!D11 -> AB8 | C13: =AIFields!F11 -> 2.13 | D13: =AIFields!G11 -> 48.53535 | E13: =AIFields!I11 -> 103.3803 | F13: 0
A14: =AIFields!C12 -> Railway 1 | B14: =AIFields!D12 -> AB8 | C14: =AIFields!F12 -> 5.87 | D14: =AIFields!G12 -> 51.716388 | E14: =AIFields!I12 -> 303.5752 | F14: 0
A15: =AIFields!C13 -> Railway 2 | B15: =AIFields!D13 -> AB9 | C15: =AIFields!F13 -> 1.47 | D15: =AIFields!G13 -> 60.015266 | E15: =AIFields!I13 -> 88.222441 | F15: 0
... A18: =AIFields!C16 -> Yard Field | B18: =AIFields!D16 -> Grass Ley | C18: =AIFields!F16 -> 0.67 | D18: =AIFields!G16 -> 66.335278 | E18: =AIFields!I16 -> 44.444636 | F18: 0
A19: Totals & Mean
A20: =AICrops!C2 -> AB15 | C20: =AICrops!D2 -> 165.05 | D20: =AICrops!E2 -> 45.015738 | E20: =AICrops!F2 -> 7448.8766 | F20: =SUMIF($B$4:$B$18,#REF!,F$4:F$18) -> 0
A21: =AICrops!C3 -> AB8 | C21: =AICrops!D3 -> 9.76 | D21: =AICrops!E3 -> 49.244352 | E21: =AICrops!F3 -> 490.52261 | F21: =SUMIF($B$4:$B$18,#REF!,F$4:F$18) -> 0
A22: =AICrops!C4 -> AB9 | C22: =AICrops!D4 -> 10.93 | D22: =AICrops!E4 -> 54.676122 | E22: =AICrops!F4 -> 580.96871 | F22: =SUMIF($B$4:$B$18,#REF!,F$4:F$18) -> 0
A23: =AICrops!C5 -> Grass Ley | C23: =AICrops!D5 -> 0.67 | D23: =AICrops!E5 -> 66.335278 | E23: =AICrops!F5 -> 44.444636 | F23: =SUMIF($B$4:$B$18,#REF!,F$4:F$18) -> 0
A24: Totals & Mean | C24: =SUM(C4:C18) -> 186.41 | D24: =AVERAGE(D4:D18) -> 49.21484 | E24: =SUM(E4:E18) -> 8564.8125 | F24: =SUM(F4:F18) -> 0

Sheet AIFields
A1: ProjID | B1: ParcelID | C1: Field Name | D1: Previous Crop | E1: Current Crop | F1: Area | G1: Gross Mean | H1: Net Mean | I1: Gross Total | J1: Net Total | K1: MAPE%
A2: 206 | B2: 643 | C2: Back | D2: AB15 | F2: 17.43 | G2: 44.507479 | H2: 41.562065 | I2: 775.76536 | J2: 724.4268 | K2: 6.6177951
A3: 206 | B3: 7202 | C3: Bells | D3: AB15 | F3: 26.32 | G3: 47.776714 | H3: 44.614949 | I3: 1257.4831 | J3: 1174.2655 | K3: 6.6177951
A4: 206 | B4: 7970 | C4: Corner Field | D4: AB15 | F4: 23.76 | G4: 44.54585 | H4: 41.597897 | I4: 1058.4094 | J4: 988.36603 | K4: 6.6177951
A5: 206 | B5: 5825 | C5: Cottage Field | D5: AB9 | F5: 4.95 | G5: 53.743619 | H5: 50.186977 | I5: 266.03092 | J5: 248.42553 | K5: 6.6177951
A6: 206 | B6: 1616 | C6: Lambing Field | D6: AB15 | F6: 19.66 | G6: 44.205033 | H6: 41.279635 | I6: 869.07095 | J6: 811.55762 | K6: 6.6177951
A7: 206 | B7: 421 | C7: Long Field | D7: AB15 | F7: 26.91 | G7: 43.822143 | H7: 40.922083 | I7: 1179.2539 | J7: 1101.2133 | K7: 6.6177951
A8: 206 | B8: 8366 | C8: Mid | D8: AB15 | F8: 24.55 | G8: 47.456847 | H8: 44.31625 | I8: 1165.0656 | J8: 1087.9639 | K8: 6.6177951
A9: 206 | B9: 4307 | C9: Paddock Field | D9: AB8 | F9: 1.76 | G9: 47.481316 | H9: 44.3391 | I9: 83.567117 | J9: 78.036816 | K9: 6.6177951
A10: 206 | B10: 5264 | C10: Park 1 | D10: AB9 | F10: 4.51 | G10: 50.269479 | H10: 46.942748 | I10: 226.71535 | J10: 211.71179 | K10: 6.6177951
A11: 206 | B11: 5265 | C11: Park 2 | D11: AB8 | F11: 2.13 | G11: 48.53535 | H11: 45.32338 | I11: 103.3803 | J11: 96.538799 | K11: 6.6177951
A12: 206 | B12: 4328 | C12: Railway 1 | D12: AB8 | F12: 5.87 | G12: 51.716388 | H12: 48.293904 | I12: 303.5752 | J12: 283.48521 | K12: 6.6177951
A13: 206 | B13: 4329 | C13: Railway 2 | D13: AB9 | F13: 1.47 | G13: 60.015266 | H13: 56.043579 | I13: 88.222441 | J13: 82.384061 | K13: 6.6177951
... A16: 206 | B16: 5501 | C16: Yard Field | D16: Grass Ley | F16: 0.67 | G16: 66.335278 | H16: 61.945345 | I16: 44.444636 | J16: 41.503381 | K16: 6.6177951

Sheet AICrops
A1: ProjID | B1: Project Description | C1: Previous Crop | D1: SumOfFieldArea | E1: Gross Mean AI SOCS | F1: Gross Total AI SOC | G1: Net Mean AI SOCS | H1: Net Total AI SOC | I1: FirstOfMAPE
A2: 206 | B2: 105206Kerr24 | C2: AB15 | D2: 165.05 | E2: 45.015738 | F2: 7448.8766 | G2: 42.036688 | H2: 6955.9252 | I2: 0.066177951
A3: 206 | B3: 105206Kerr24 | C3: AB8 | D3: 9.76 | E3: 49.244352 | F3: 490.52261 | G3: 45.985461 | H3: 458.06083 | I3: 0.066177951
A4: 206 | B4: 105206Kerr24 | C4: AB9 | D4: 10.93 | E4: 54.676122 | F4: 580.96871 | G4: 51.057768 | H4: 542.52139 | I4: 0.066177951
A5: 206 | B5: 105206Kerr24 | C5: Grass Ley | D5: 0.67 | E5: 66.335278 | F5: 44.444636 | G5: 61.945345 | H5: 41.503381 | I5: 0.066177951

Sheet Executive Summary
A1: Gross Total SOC (t)
A2: 2023 | B2: 2024
A3: 8312.72 | B3: =Analysis!E24 -> 8564.8125

Sheet ReportData
A1: MonitoringYear
A2: CustomerName
A3: Address
A4: Filename
A5: ProjectArea
A6: SampleArea
A7: SequCO2e
A8: CO2eEmitted
A9: CO2eBalance
A10: SOCChange
A11: ProjectName
A12: Author
... A29: NoOfCores
